﻿Cereal Name,Manufacturer,Sugars
Kix,General Mills,3
Life,Quaker Oats,6
Trix,General Mills,12
Smacks,Kelloggs,15
Basic 4,General Mills,8
Crispix,Kelloggs,3
All-Bran,Kelloggs,5
Cheerios,General Mills,1
Clusters,General Mills,7
Wheaties,General Mills,3
100% Bran,Nabisco,6
Bran Chex,Ralston Purina,6
Corn Chex,Ralston Purina,3
Corn Pops,Kelloggs,12
Rice Chex,Ralston Purina,2
Special K,Kelloggs,3
Grape-Nuts,Post,3
Honey-comb,Post,11
Wheat Chex,Ralston Purina,3
Apple Jacks,Kelloggs,14